chart_type,item_key,item_label,sort_order,product_count,valid_sales_count,valid_revenue_count,valid_rating_count,monthly_sales,monthly_revenue,avg_monthly_sales,avg_rating,sales_share_pct,revenue_share_pct,avg_sales_share_pct,rating_score_pct,sales_rank,revenue_rank,sales_cumulative_share_pct,revenue_cumulative_share_pct,sample_count,sample_share_pct,cumulative_product_count
price_distribution,band_2,5–10,1,38,38,38,38,675774,6163566.00,17783.52631600,4.55263200,35.23056400,19.28233900,0.92712000,91.05263200,,,,,171,,
price_distribution,band_3,10–15,2,38,38,38,38,614603,8440890.00,16173.76315800,4.50263200,32.04149600,26.40680700,0.84319700,90.05263200,,,,,171,,
price_distribution,band_4,15–20,3,33,33,33,33,146370,2681609.00,4435.45454500,4.51818200,7.63080200,8.38924900,0.23123600,90.36363600,,,,,171,,
price_distribution,band_5,20–25,4,23,23,23,23,253659,5645532.00,11028.65217400,4.46087000,13.22416900,17.66170100,0.57496400,89.21739100,,,,,171,,
price_distribution,band_6,25–30,5,14,14,14,14,65014,1842237.00,4643.85714300,4.50714300,3.38941700,5.76332600,0.24210100,90.14285700,,,,,171,,
price_distribution,band_7,30–35,6,6,5,5,6,27920,1020331.00,5584.00000000,4.36666700,1.45557100,3.19204300,0.29111400,87.33333300,,,,,171,,
price_distribution,band_8,35–40,7,5,5,5,5,46202,1681455.00,9240.40000000,4.36000000,2.40867900,5.26032900,0.48173600,87.20000000,,,,,171,,
price_distribution,band_9,≥40,8,14,14,14,14,88605,4489206.00,6328.92857100,4.42142900,4.61930200,14.04420600,0.32995000,88.42857100,,,,,171,,
brand_concentration,OtterBox,OtterBox,1,,,,,275734,8164484.00,,,14.37501922,25.29665886,,,1,1,14.37501922,25.29665886,63,,
brand_concentration,FNTCASE,FNTCASE,2,,,,,267160,3060763.00,,,13.92802533,9.48340121,,,2,3,28.30304455,45.92408664,63,,
brand_concentration,SUPFINE,SUPFINE,3,,,,,210021,2098110.00,,,10.94916083,6.50073819,,,3,5,39.25220538,61.72862545,63,,
brand_concentration,ESR,ESR,4,,,,,187129,3002797.00,,,9.75571737,9.30380063,,,4,4,49.00792275,55.22788726,63,,
brand_concentration,Miracase,Miracase,5,,,,,168544,3596729.00,,,8.78681352,11.14402656,,,5,2,57.79473627,36.44068542,63,,
brand_concentration,Spigen,Spigen,6,,,,,96586,1671728.00,,,5.03538050,5.17964551,,,6,7,62.83011677,72.09148891,63,,
brand_concentration,SuydanBox,SuydanBox,7,,,,,76641,1102864.00,,,3.99557490,3.41708972,,,7,8,66.82569167,75.50857863,63,,
brand_concentration,jaroco,jaroco,8,,,,,73317,989046.00,,,3.82228265,3.06443852,,,8,9,70.64797432,78.57301715,63,,
brand_concentration,TAURI,TAURI,9,,,,,68040,497826.00,,,3.54717339,1.54245320,,,9,12,74.19514771,84.87914931,63,,
brand_concentration,JETech,JETech,10,,,,,67760,707599.00,,,3.53257597,2.19240928,,,10,11,77.72772368,83.33669611,63,,
brand_concentration,TORRAS,TORRAS,11,,,,,59618,1672881.00,,,3.10810381,5.18321794,,,11,6,80.83582749,66.91184340,63,,
brand_concentration,Temdan,Temdan,12,,,,,55362,829876.00,,,2.88622301,2.57126967,,,12,10,83.72205050,81.14428682,63,,
brand_concentration,JAME,JAME,13,,,,,34790,451922.00,,,1.81372960,1.40022525,,,13,13,85.53578010,86.27937456,63,,
brand_concentration,ORNARTO,ORNARTO,14,,,,,29813,326580.00,,,1.55426044,1.01186834,,,14,17,87.09004054,90.52183195,63,,
brand_concentration,Mkeke,Mkeke,15,,,,,28194,267561.00,,,1.46985606,0.82900516,,,15,19,88.55989661,92.23409486,63,,
brand_concentration,GVIEWIN,GVIEWIN,16,,,,,24313,337708.00,,,1.26752538,1.04634709,,,16,15,89.82742199,88.47910531,63,,
brand_concentration,Yeddabox,Yeddabox,17,,,,,18826,207839.00,,,0.98146805,0.64396382,,,17,20,90.80889004,92.87805868,63,,
brand_concentration,Smartish,Smartish,18,,,,,18622,372254.00,,,0.97083279,1.15338366,,,18,14,91.77972283,87.43275822,63,,
brand_concentration,RMOCR,RMOCR,19,,,,,16847,182621.00,,,0.87829556,0.56582892,,,19,24,92.65801839,95.30270070,63,,
brand_concentration,Newfuture,Newfuture,20,,,,,12965,194345.00,,,0.67591274,0.60215430,,,20,23,93.33393113,94.73687178,63,,
brand_concentration,ETPESOK,ETPESOK,21,,,,,11094,332709.00,,,0.57837069,1.03085830,,,21,16,93.91230182,89.50996361,63,,
brand_concentration,Crave,Crave,22,,,,,11022,201960.00,,,0.57461707,0.62574845,,,22,22,94.48691889,94.13471748,63,,
brand_concentration,SUPCASE,SUPCASE,23,,,,,10469,285071.00,,,0.54578716,0.88325776,,,23,18,95.03270604,91.40508971,63,,
brand_concentration,EYZUTAK,EYZUTAK,24,,,,,9860,88641.00,,,0.51403777,0.27464334,,,24,31,95.54674381,97.85922519,63,,
brand_concentration,Hensinple,Hensinple,25,,,,,8721,104565.00,,,0.45465754,0.32398191,,,25,30,96.00140135,97.58458185,63,,
brand_concentration,CASEKOO,CASEKOO,26,,,,,8394,125826.00,,,0.43760984,0.38985653,,,26,27,96.43901119,96.54667784,63,,
brand_concentration,VELVET CAVIAR,VELVET CAVIAR,27,,,,,7024,203626.00,,,0.36618674,0.63091035,,,27,21,96.80519793,93.50896903,63,,
brand_concentration,LeYi,LeYi,28,,,,,5758,48885.00,,,0.30018554,0.15146422,,,28,35,97.10538348,98.60101410,63,,
brand_concentration,CellEver,CellEver,29,,,,,5672,113383.00,,,0.29570205,0.35130341,,,29,29,97.40108553,97.26059994,63,,
brand_concentration,Oterkin,Oterkin,30,,,,,5446,117035.00,,,0.28391985,0.36261869,,,30,28,97.68500537,96.90929653,63,,
brand_concentration,CHEDEMK,CHEDEMK,31,,,,,5307,52699.00,,,0.27667327,0.16328143,,,31,33,97.96167864,98.29613679,63,,
brand_concentration,Fourmor,Fourmor,32,,,,,5198,88314.00,,,0.27099070,0.27363017,,,32,32,98.23266934,98.13285536,63,,
brand_concentration,zapica,zapica,33,,,,,4160,33238.00,,,0.21687597,0.10298389,,,33,40,98.44954532,99.23389812,63,,
brand_concentration,Ezanmull,Ezanmull,34,,,,,2876,43111.00,,,0.14993637,0.13357418,,,34,37,98.59948169,98.87374264,63,,
brand_concentration,ZAGG,ZAGG,35,,,,,2843,133261.00,,,0.14821596,0.41289297,,,35,26,98.74769765,96.15682131,63,,
brand_concentration,DorisMax,DorisMax,36,,,,,2831,49514.00,,,0.14759036,0.15341310,,,36,34,98.89528800,98.44954988,63,,
brand_concentration,KSELF,KSELF,37,,,,,2111,42199.00,,,0.11005413,0.13074846,,,37,38,99.00534213,99.00449110,63,,
brand_concentration,Mous,Mous,38,,,,,1899,142406.00,,,0.09900180,0.44122764,,,38,25,99.10434393,95.74392834,63,,
brand_concentration,Speck,Speck,39,,,,,1682,31083.00,,,0.08768880,0.09630689,,,39,41,99.19203273,99.33020500,63,,
brand_concentration,Cordking,Cordking,40,,,,,1653,21456.00,,,0.08617692,0.06647880,,,40,44,99.27820965,99.57118756,63,,
brand_concentration,RALEAVO,RALEAVO,41,,,,,1573,12568.00,,,0.08200623,0.03894042,,,41,49,99.36021588,99.83550710,63,,
brand_concentration,Generic,Generic,42,,,,,1523,28368.00,,,0.07939955,0.08789479,,,42,42,99.43961542,99.41809980,63,,
brand_concentration,GolbinBox,GolbinBox,43,,,,,1472,27953.00,,,0.07674073,0.08660896,,,43,43,99.51635615,99.50470876,63,,
brand_concentration,OWKEY,OWKEY,44,,,,,1088,16309.00,,,0.05672141,0.05053145,,,44,48,99.57307756,99.79656669,63,,
brand_concentration,MOFT,MOFT,45,,,,,1057,44912.00,,,0.05510527,0.13915436,,,45,36,99.62818282,98.74016846,63,,
brand_concentration,PHOOZY,PHOOZY,46,,,,,964,21198.00,,,0.05025684,0.06567942,,,46,45,99.67843966,99.63686698,63,,
brand_concentration,Case-Mate,Case-Mate,47,,,,,879,40803.00,,,0.04582548,0.12642312,,,47,39,99.72426514,99.13091422,63,,
brand_concentration,HTVRONT,HTVRONT,48,,,,,802,10418.00,,,0.04181119,0.03227890,,,48,50,99.76607632,99.86778601,63,,
brand_concentration,SKMY,SKMY,49,,,,,727,7255.00,,,0.03790116,0.02247873,,,49,51,99.80397748,99.89026474,63,,
brand_concentration,pitaka,pitaka,50,,,,,660,16493.00,,,0.03440821,0.05110155,,,50,47,99.83838569,99.74603524,63,,
brand_concentration,LEIAU,LEIAU,51,,,,,598,18741.00,,,0.03117592,0.05806670,,,51,46,99.86956161,99.69493369,63,,
brand_concentration,IDweel,IDweel,52,,,,,529,4957.00,,,0.02757870,0.01535866,,,52,53,99.89714031,99.92726557,63,,
brand_concentration,Mieziba,Mieziba,53,,,,,466,6985.00,,,0.02429428,0.02164217,,,53,52,99.92143459,99.91190691,63,,
brand_concentration,Guirble,Guirble,54,,,,,362,3978.00,,,0.01887238,0.01232535,,,54,55,99.94030697,99.95246468,63,,
brand_concentration,BENTOBEN,BENTOBEN,55,,,,,292,2917.00,,,0.01522303,0.00903797,,,55,58,99.95553000,99.98329974,63,,
brand_concentration,CAPAUNVDA,CAPAUNVDA,56,,,,,204,3058.00,,,0.01063526,0.00947484,,,56,57,99.96616526,99.97426177,63,,
brand_concentration,Simicoo,Simicoo,57,,,,,173,3977.00,,,0.00901912,0.01232225,,,57,56,99.97518438,99.96478693,63,,
brand_concentration,Nakedcellphone,Nakedcellphone,58,,,,,147,2786.00,,,0.00766365,0.00863208,,,58,59,99.98284803,99.99193182,63,,
brand_concentration,Pelican,Pelican,59,,,,,104,4155.00,,,0.00542190,0.01287376,,,59,54,99.98826993,99.94013933,63,,
brand_concentration,Niuuro,Niuuro,60,,,,,89,889.00,,,0.00463989,0.00275446,,,60,61,99.99290982,99.99745933,63,,
brand_concentration,Changjia,Changjia,61,,,,,56,895.00,,,0.00291948,0.00277305,,,61,60,99.99582931,99.99470487,63,,
brand_concentration,HYUEKOKO,HYUEKOKO,62,,,,,44,352.00,,,0.00229388,0.00109063,,,62,63,99.99812319,100.00000000,63,,
brand_concentration,FDTCYDS,FDTCYDS,63,,,,,36,468.00,,,0.00187681,0.00145004,,,63,62,100.00000000,99.99890937,63,,
listing_distribution,2016-08,2016-08,1,1,,,,,,,,,,,,,,,,170,0.58823529,1
listing_distribution,2016-09,2016-09,2,3,,,,,,,,,,,,,,,,170,1.76470588,4
listing_distribution,2016-10,2016-10,3,0,,,,,,,,,,,,,,,,170,0.00000000,4
listing_distribution,2016-11,2016-11,4,0,,,,,,,,,,,,,,,,170,0.00000000,4
listing_distribution,2016-12,2016-12,5,0,,,,,,,,,,,,,,,,170,0.00000000,4
listing_distribution,2017-01,2017-01,6,0,,,,,,,,,,,,,,,,170,0.00000000,4
listing_distribution,2017-02,2017-02,7,0,,,,,,,,,,,,,,,,170,0.00000000,4
listing_distribution,2017-03,2017-03,8,0,,,,,,,,,,,,,,,,170,0.00000000,4
listing_distribution,2017-04,2017-04,9,0,,,,,,,,,,,,,,,,170,0.00000000,4
listing_distribution,2017-05,2017-05,10,0,,,,,,,,,,,,,,,,170,0.00000000,4
listing_distribution,2017-06,2017-06,11,0,,,,,,,,,,,,,,,,170,0.00000000,4
listing_distribution,2017-07,2017-07,12,0,,,,,,,,,,,,,,,,170,0.00000000,4
listing_distribution,2017-08,2017-08,13,0,,,,,,,,,,,,,,,,170,0.00000000,4
listing_distribution,2017-09,2017-09,14,0,,,,,,,,,,,,,,,,170,0.00000000,4
listing_distribution,2017-10,2017-10,15,0,,,,,,,,,,,,,,,,170,0.00000000,4
listing_distribution,2017-11,2017-11,16,0,,,,,,,,,,,,,,,,170,0.00000000,4
listing_distribution,2017-12,2017-12,17,0,,,,,,,,,,,,,,,,170,0.00000000,4
listing_distribution,2018-01,2018-01,18,0,,,,,,,,,,,,,,,,170,0.00000000,4
listing_distribution,2018-02,2018-02,19,0,,,,,,,,,,,,,,,,170,0.00000000,4
listing_distribution,2018-03,2018-03,20,1,,,,,,,,,,,,,,,,170,0.58823529,5
listing_distribution,2018-04,2018-04,21,0,,,,,,,,,,,,,,,,170,0.00000000,5
listing_distribution,2018-05,2018-05,22,0,,,,,,,,,,,,,,,,170,0.00000000,5
listing_distribution,2018-06,2018-06,23,0,,,,,,,,,,,,,,,,170,0.00000000,5
listing_distribution,2018-07,2018-07,24,1,,,,,,,,,,,,,,,,170,0.58823529,6
listing_distribution,2018-08,2018-08,25,0,,,,,,,,,,,,,,,,170,0.00000000,6
listing_distribution,2018-09,2018-09,26,0,,,,,,,,,,,,,,,,170,0.00000000,6
listing_distribution,2018-10,2018-10,27,0,,,,,,,,,,,,,,,,170,0.00000000,6
listing_distribution,2018-11,2018-11,28,0,,,,,,,,,,,,,,,,170,0.00000000,6
listing_distribution,2018-12,2018-12,29,1,,,,,,,,,,,,,,,,170,0.58823529,7
listing_distribution,2019-01,2019-01,30,0,,,,,,,,,,,,,,,,170,0.00000000,7
listing_distribution,2019-02,2019-02,31,1,,,,,,,,,,,,,,,,170,0.58823529,8
listing_distribution,2019-03,2019-03,32,0,,,,,,,,,,,,,,,,170,0.00000000,8
listing_distribution,2019-04,2019-04,33,0,,,,,,,,,,,,,,,,170,0.00000000,8
listing_distribution,2019-05,2019-05,34,0,,,,,,,,,,,,,,,,170,0.00000000,8
listing_distribution,2019-06,2019-06,35,0,,,,,,,,,,,,,,,,170,0.00000000,8
listing_distribution,2019-07,2019-07,36,0,,,,,,,,,,,,,,,,170,0.00000000,8
listing_distribution,2019-08,2019-08,37,0,,,,,,,,,,,,,,,,170,0.00000000,8
listing_distribution,2019-09,2019-09,38,0,,,,,,,,,,,,,,,,170,0.00000000,8
listing_distribution,2019-10,2019-10,39,0,,,,,,,,,,,,,,,,170,0.00000000,8
listing_distribution,2019-11,2019-11,40,0,,,,,,,,,,,,,,,,170,0.00000000,8
listing_distribution,2019-12,2019-12,41,0,,,,,,,,,,,,,,,,170,0.00000000,8
listing_distribution,2020-01,2020-01,42,0,,,,,,,,,,,,,,,,170,0.00000000,8
listing_distribution,2020-02,2020-02,43,1,,,,,,,,,,,,,,,,170,0.58823529,9
listing_distribution,2020-03,2020-03,44,0,,,,,,,,,,,,,,,,170,0.00000000,9
listing_distribution,2020-04,2020-04,45,1,,,,,,,,,,,,,,,,170,0.58823529,10
listing_distribution,2020-05,2020-05,46,0,,,,,,,,,,,,,,,,170,0.00000000,10
listing_distribution,2020-06,2020-06,47,0,,,,,,,,,,,,,,,,170,0.00000000,10
listing_distribution,2020-07,2020-07,48,0,,,,,,,,,,,,,,,,170,0.00000000,10
listing_distribution,2020-08,2020-08,49,1,,,,,,,,,,,,,,,,170,0.58823529,11
listing_distribution,2020-09,2020-09,50,0,,,,,,,,,,,,,,,,170,0.00000000,11
listing_distribution,2020-10,2020-10,51,5,,,,,,,,,,,,,,,,170,2.94117647,16
listing_distribution,2020-11,2020-11,52,0,,,,,,,,,,,,,,,,170,0.00000000,16
listing_distribution,2020-12,2020-12,53,0,,,,,,,,,,,,,,,,170,0.00000000,16
listing_distribution,2021-01,2021-01,54,0,,,,,,,,,,,,,,,,170,0.00000000,16
listing_distribution,2021-02,2021-02,55,1,,,,,,,,,,,,,,,,170,0.58823529,17
listing_distribution,2021-03,2021-03,56,0,,,,,,,,,,,,,,,,170,0.00000000,17
listing_distribution,2021-04,2021-04,57,0,,,,,,,,,,,,,,,,170,0.00000000,17
listing_distribution,2021-05,2021-05,58,0,,,,,,,,,,,,,,,,170,0.00000000,17
listing_distribution,2021-06,2021-06,59,0,,,,,,,,,,,,,,,,170,0.00000000,17
listing_distribution,2021-07,2021-07,60,0,,,,,,,,,,,,,,,,170,0.00000000,17
listing_distribution,2021-08,2021-08,61,1,,,,,,,,,,,,,,,,170,0.58823529,18
listing_distribution,2021-09,2021-09,62,8,,,,,,,,,,,,,,,,170,4.70588235,26
listing_distribution,2021-10,2021-10,63,0,,,,,,,,,,,,,,,,170,0.00000000,26
listing_distribution,2021-11,2021-11,64,0,,,,,,,,,,,,,,,,170,0.00000000,26
listing_distribution,2021-12,2021-12,65,0,,,,,,,,,,,,,,,,170,0.00000000,26
listing_distribution,2022-01,2022-01,66,0,,,,,,,,,,,,,,,,170,0.00000000,26
listing_distribution,2022-02,2022-02,67,1,,,,,,,,,,,,,,,,170,0.58823529,27
listing_distribution,2022-03,2022-03,68,0,,,,,,,,,,,,,,,,170,0.00000000,27
listing_distribution,2022-04,2022-04,69,1,,,,,,,,,,,,,,,,170,0.58823529,28
listing_distribution,2022-05,2022-05,70,0,,,,,,,,,,,,,,,,170,0.00000000,28
listing_distribution,2022-06,2022-06,71,0,,,,,,,,,,,,,,,,170,0.00000000,28
listing_distribution,2022-07,2022-07,72,1,,,,,,,,,,,,,,,,170,0.58823529,29
listing_distribution,2022-08,2022-08,73,4,,,,,,,,,,,,,,,,170,2.35294118,33
listing_distribution,2022-09,2022-09,74,1,,,,,,,,,,,,,,,,170,0.58823529,34
listing_distribution,2022-10,2022-10,75,1,,,,,,,,,,,,,,,,170,0.58823529,35
listing_distribution,2022-11,2022-11,76,0,,,,,,,,,,,,,,,,170,0.00000000,35
listing_distribution,2022-12,2022-12,77,0,,,,,,,,,,,,,,,,170,0.00000000,35
listing_distribution,2023-01,2023-01,78,0,,,,,,,,,,,,,,,,170,0.00000000,35
listing_distribution,2023-02,2023-02,79,3,,,,,,,,,,,,,,,,170,1.76470588,38
listing_distribution,2023-03,2023-03,80,0,,,,,,,,,,,,,,,,170,0.00000000,38
listing_distribution,2023-04,2023-04,81,0,,,,,,,,,,,,,,,,170,0.00000000,38
listing_distribution,2023-05,2023-05,82,0,,,,,,,,,,,,,,,,170,0.00000000,38
listing_distribution,2023-06,2023-06,83,1,,,,,,,,,,,,,,,,170,0.58823529,39
listing_distribution,2023-07,2023-07,84,1,,,,,,,,,,,,,,,,170,0.58823529,40
listing_distribution,2023-08,2023-08,85,5,,,,,,,,,,,,,,,,170,2.94117647,45
listing_distribution,2023-09,2023-09,86,11,,,,,,,,,,,,,,,,170,6.47058824,56
listing_distribution,2023-10,2023-10,87,3,,,,,,,,,,,,,,,,170,1.76470588,59
listing_distribution,2023-11,2023-11,88,0,,,,,,,,,,,,,,,,170,0.00000000,59
listing_distribution,2023-12,2023-12,89,2,,,,,,,,,,,,,,,,170,1.17647059,61
listing_distribution,2024-01,2024-01,90,1,,,,,,,,,,,,,,,,170,0.58823529,62
listing_distribution,2024-02,2024-02,91,0,,,,,,,,,,,,,,,,170,0.00000000,62
listing_distribution,2024-03,2024-03,92,1,,,,,,,,,,,,,,,,170,0.58823529,63
listing_distribution,2024-04,2024-04,93,1,,,,,,,,,,,,,,,,170,0.58823529,64
listing_distribution,2024-05,2024-05,94,1,,,,,,,,,,,,,,,,170,0.58823529,65
listing_distribution,2024-06,2024-06,95,2,,,,,,,,,,,,,,,,170,1.17647059,67
listing_distribution,2024-07,2024-07,96,2,,,,,,,,,,,,,,,,170,1.17647059,69
listing_distribution,2024-08,2024-08,97,2,,,,,,,,,,,,,,,,170,1.17647059,71
listing_distribution,2024-09,2024-09,98,15,,,,,,,,,,,,,,,,170,8.82352941,86
listing_distribution,2024-10,2024-10,99,2,,,,,,,,,,,,,,,,170,1.17647059,88
listing_distribution,2024-11,2024-11,100,3,,,,,,,,,,,,,,,,170,1.76470588,91
listing_distribution,2024-12,2024-12,101,1,,,,,,,,,,,,,,,,170,0.58823529,92
listing_distribution,2025-01,2025-01,102,3,,,,,,,,,,,,,,,,170,1.76470588,95
listing_distribution,2025-02,2025-02,103,2,,,,,,,,,,,,,,,,170,1.17647059,97
listing_distribution,2025-03,2025-03,104,2,,,,,,,,,,,,,,,,170,1.17647059,99
listing_distribution,2025-04,2025-04,105,4,,,,,,,,,,,,,,,,170,2.35294118,103
listing_distribution,2025-05,2025-05,106,3,,,,,,,,,,,,,,,,170,1.76470588,106
listing_distribution,2025-06,2025-06,107,1,,,,,,,,,,,,,,,,170,0.58823529,107
listing_distribution,2025-07,2025-07,108,3,,,,,,,,,,,,,,,,170,1.76470588,110
listing_distribution,2025-08,2025-08,109,9,,,,,,,,,,,,,,,,170,5.29411765,119
listing_distribution,2025-09,2025-09,110,20,,,,,,,,,,,,,,,,170,11.76470588,139
listing_distribution,2025-10,2025-10,111,3,,,,,,,,,,,,,,,,170,1.76470588,142
listing_distribution,2025-11,2025-11,112,3,,,,,,,,,,,,,,,,170,1.76470588,145
listing_distribution,2025-12,2025-12,113,4,,,,,,,,,,,,,,,,170,2.35294118,149
listing_distribution,2026-01,2026-01,114,3,,,,,,,,,,,,,,,,170,1.76470588,152
listing_distribution,2026-02,2026-02,115,8,,,,,,,,,,,,,,,,170,4.70588235,160
listing_distribution,2026-03,2026-03,116,2,,,,,,,,,,,,,,,,170,1.17647059,162
listing_distribution,2026-04,2026-04,117,1,,,,,,,,,,,,,,,,170,0.58823529,163
listing_distribution,2026-05,2026-05,118,1,,,,,,,,,,,,,,,,170,0.58823529,164
listing_distribution,2026-06,2026-06,119,1,,,,,,,,,,,,,,,,170,0.58823529,165
listing_distribution,2026-07,2026-07,120,2,,,,,,,,,,,,,,,,170,1.17647059,167
listing_distribution,2026-08,2026-08,121,2,,,,,,,,,,,,,,,,170,1.17647059,169
listing_distribution,2026-09,2026-09,122,1,,,,,,,,,,,,,,,,170,0.58823529,170
