analysis_type,topic_id,topic_name,sort_order,matched_reviews,sample_count,share_pct,reason
negative,negative_4,做工与耐用性,1,107,407,26.28992629,低星评论中，出现开裂、剥落、脆弱或做工质量问题词。
negative,negative_1,磁性部件脱落,2,37,407,9.09090909,低星评论中，同句提及磁性部件与断裂、分离或脱落。
negative,negative_2,充电问题,3,29,407,7.12530713,低星评论中，充电与失败、缓慢、过热或不稳定等问题词共同出现。
negative,negative_5,颜色不符,4,28,407,6.87960688,低星评论中，对颜色差异、深浅或与预期不符作出描述。
negative,negative_3,表面打滑,5,15,407,3.68550369,低星评论中，明确提到表面滑、滑手或从手中滑落。
motivation,motivation_4,替换需求,1,31,1190,2.60504202,评论明确提及更换保护壳、旧壳或替代产品。
motivation,motivation_3,审美偏好,2,28,1190,2.35294118,购买或选择相关语句同时提到颜色、外观或审美偏好。
motivation,motivation_2,MagSafe 兼容性,3,20,1190,1.68067227,购买或选择相关语句同时提到 MagSafe 或磁性配件。
motivation,motivation_1,价格实惠,4,17,1190,1.42857143,购买或选择相关语句同时提到价格、成本或性价比。
motivation,motivation_5,礼物购买,5,5,1190,0.42016807,评论明确出现礼物、赠送或送给他人的措辞。
positive,positive_4,耐久性,1,165,601,27.45424293,高星评论中，出现耐久、结实或保护性能相关正向措辞。
positive,positive_2,贴合与设计,2,150,601,24.95840266,高星评论中，提及贴合、厚度或按键，并出现正向评价词。
positive,positive_3,美学吸引力,3,129,601,21.46422629,高星评论中，对颜色、透明度或外观给出正向描述。
positive,positive_5,物有所值,4,96,601,15.97337770,高星评论中，价格或价值与划算、值得等正向词语共同出现。
positive,positive_1,磁力牢固,5,26,601,4.32612313,高星评论中，同句出现磁性部件与牢固、强磁或稳定吸附等描述。
